{"cameraMode":{"drawMode":0,"name":"Shaded","section":"Shading Mode"},"sceneLighting":true,"audioPlay":false,"sceneViewState":{"showFog":true,"showMaterialUpdate":false,"showSkybox":true,"showFlares":true,"showImageEffects":true,"showParticleSystems":true},"in2DMode":false,"pivot":{"x":-4.185987949371338,"y":-7.133045196533203,"z":18.49959373474121},"rotation":{"x":-0.21159622073173524,"y":-0.03019733540713787,"z":0.006540415808558464,"w":-0.9768686890602112},"size":30.63709259033203,"orthographic":false}